{"accuracy": [0.9443749785423279, 0.0, 0.9903125166893005, 0.0, 0.9931250214576721, 0.0, 0.9950000047683716, 0.0, 0.9900000095367432, 0.0, 0.995312511920929, 0.0, 0.996874988079071, 0.0, 0.9912499785423279, 0.0, 0.9934375286102295, 0.0, 0.9971874952316284, 0.0], "loss": [0.1760661005973816, 0.0, 0.034060463309288025, 0.0, 0.020348818972706795, 0.0, 0.018445366993546486, 0.0, 0.03282463923096657, 0.0, 0.01461468543857336, 0.0, 0.0087940264493227, 0.0, 0.02970161661505699, 0.0, 0.028931206092238426, 0.0, 0.00855546910315752, 0.0], "val_accuracy": [0.1458333283662796, 0.0625, 0.1276041716337204, 0.1875, 0.1197916641831398, 0.25, 0.1276041716337204, 0.1875, 0.1953125, 0.0625, 0.2161458283662796, 0.125, 0.5234375, 0.5625, 0.6354166865348816, 0.6875, 0.6197916865348816, 0.5, 0.7760416865348816, 0.8125], "val_loss": [3.5437402725219727, 4.061474800109863, 8.460229873657227, 7.5393476486206055, 2.2079732418060303, 2.1785335540771484, 2.3441193103790283, 2.189547538757324, 2.15010404586792, 2.439582586288452, 3.0314481258392334, 2.395735502243042, 1.4345264434814453, 1.1934325695037842, 1.4010461568832397, 1.3899686336517334, 1.9533175230026245, 1.3304426670074463, 1.1491155624389648, 1.2896615266799927]}